image_name,num_boxes
10122,1
10251,1
10254,1
10274,1
98532,1
10864,1
10881,1
10098,1
10101,1
98599,1
98615,1
98686,1
9870,1
98718,1
9978,1
9873,1
64550,1
64569,1
64601,1
64602,1
64606,1
10463,1
1053,1
10567,1
10606,1
98193,1
98202,1
10787,1
10822,1
10855,1
9990,1
10397,1
64121,1
98227,1
98228,1
9829,1
98329,1
98368,1
98384,1
98494,1
97953,1
11222,1
11241,1
64153,1
64240,1
64304,1
63958,1
63992,1
638,1
11731,1
11761,1
11344,1
1140,1
11463,1
11493,1
11146,1
64959,1
65017,1
65046,1
65065,1
65079,1
64691,1
6400,1
64025,1
98112,1
98151,1
97653,1
97658,1
1166,1
11716,1
63650,1
63743,1
65191,1
65237,1
653,1
6531,1
65334,1
64861,1
64862,1
64901,1
63603,1
63033,1
63046,1
12542,1
97662,1
97667,1
97847,1
97853,1
97284,1
97323,1
12113,1
1216,1
12167,1
11600,1
11602,1
98088,1
63183,1
63196,1
97336,1
97401,1
97518,1
97519,1
97058,1
97083,1
97102,1
12398,1
12422,1
63825,1
6350,1
63562,1
6357,1
63592,1
12621,1
1263,1
97150,1
97156,1
97160,1
97188,1
12636,1
12675,1
65420,1
65450,1
65462,1
65505,1
65126,1
65129,1
63116,1
63140,1
626,1
9695,1
96973,1
97016,1
97025,1
9704,1
96529,1
12886,1
12893,1
62810,1
62870,1
6288,1
62882,1
62889,1
62896,1
62924,1
62457,1
62057,1
13426,1
13441,1
13566,1
13058,1
13068,1
13266,1
1330,1
12825,1
12837,1
62543,1
65681,1
65729,1
65760,1
65806,1
62184,1
96653,1
967,1
96753,1
96770,1
96793,1
96799,1
96295,1
96314,1
13423,1
62627,1
6278,1
62320,1
62371,1
62373,1
62376,1
13717,1
13748,1
13765,1
1378,1
13309,1
13341,1
62071,1
62082,1
6595,1
65951,1
65965,1
65531,1
65591,1
62100,1
6212,1
62136,1
66168,1
65880,1
61874,1
61930,1
61979,1
61993,1
96421,1
96434,1
9649,1
96103,1
96151,1
13962,1
1398,1
13571,1
13598,1
13687,1
66347,1
664,1
6172,1
61781,1
61826,1
14430,1
14431,1
14472,1
14031,1
14086,1
14138,1
14143,1
14145,1
14146,1
6184,1
61873,1
66529,1
66543,1
66729,1
66266,1
61518,1
61525,1
61581,1
96170,1
95797,1
95803,1
95833,1
95843,1
14344,1
14428,1
62011,1
62018,1
14993,1
15000,1
15033,1
14678,1
14679,1
14688,1
14710,1
14764,1
14786,1
1431,1
61216,1
61240,1
61257,1
60710,1
60748,1
61386,1
67023,1
66479,1
66488,1
60876,1
60373,1
95689,1
95239,1
95860,1
96022,1
96050,1
96080,1
95568,1
95574,1
95581,1
14881,1
14887,1
67356,1
67359,1
66785,1
60515,1
15091,1
15156,1
15158,1
15179,1
15195,1
15287,1
95593,1
95594,1
95609,1
66958,1
6696,1
66965,1
60205,1
15698,1
15313,1
15325,1
15370,1
15423,1
15449,1
1545,1
15054,1
15058,1
15065,1
67203,1
67219,1
67232,1
67237,1
67313,1
16048,1
15496,1
95367,1
95448,1
95541,1
95551,1
1554,1
60095,1
60142,1
60144,1
60153,1
6750,1
67148,1
67171,1
6719,1
60172,1
95055,1
95121,1
95172,1
94652,1
94671,1
94731,1
15883,1
15886,1
59832,1
59858,1
59866,1
59956,1
59965,1
60005,1
5958,1
59658,1
59377,1
16108,1
94771,1
94885,1
94898,1
94973,1
94981,1
94501,1
16120,1
16299,1
16337,1
15704,1
15709,1
15749,1
15777,1
15783,1
16494,1
16495,1
165,1
16584,1
16054,1
16102,1
59678,1
59697,1
59700,1
59783,1
59788,1
59794,1
59799,1
59820,1
59830,1
59366,1
67798,1
67809,1
67810,1
67365,1
59506,1
16611,1
16617,1
1663,1
94615,1
94617,1
94629,1
9424,1
94244,1
16843,1
1634,1
16400,1
16999,1
17010,1
17057,1
17097,1
17111,1
17138,1
1714,1
17140,1
59138,1
59183,1
59197,1
59295,1
59316,1
5933,1
58709,1
6779,1
58802,1
94304,1
94305,1
94327,1
94341,1
94409,1
9444,1
94465,1
93997,1
17292,1
17310,1
17315,1
17326,1
17359,1
17361,1
16940,1
17996,1
1752,1
17582,1
17622,1
17672,1
17681,1
17697,1
17707,1
17712,1
5876,1
67892,1
67946,1
68030,1
68031,1
67670,1
58775,1
17736,1
17854,1
94047,1
94054,1
941,1
94127,1
9368,1
58928,1
58579,1
5858,1
58593,1
58672,1
58681,1
68154,1
68190,1
1794,1
93417,1
18281,1
18283,1
18326,1
18331,1
68259,1
68264,1
68272,1
68317,1
67820,1
67880,1
67889,1
6789,1
58418,1
58482,1
18387,1
93488,1
93568,1
93578,1
93599,1
93078,1
18513,1
18529,1
18591,1
18654,1
182,1
9370,1
9376,1
93776,1
93788,1
93357,1
93362,1
58148,1
58160,1
58189,1
58207,1
93256,1
92851,1
92852,1
92908,1
18738,1
1875,1
18772,1
18831,1
18405,1
18507,1
93463,1
93487,1
19103,1
19105,1
19145,1
18707,1
18717,1
18727,1
93111,1
9312,1
93140,1
93184,1
93224,1
68466,1
6849,1
68517,1
68060,1
68116,1
19357,1
19398,1
19400,1
1941,1
19415,1
18996,1
58237,1
57852,1
68585,1
68629,1
68632,1
68651,1
68662,1
6867,1
6869,1
68362,1
68971,1
68528,1
6857,1
57591,1
57607,1
57622,1
9291,1
92911,1
92987,1
92492,1
92549,1
19518,1
19529,1
19708,1
19342,1
19352,1
19747,1
19764,1
19774,1
19784,1
19858,1
19882,1
19944,1
19947,1
19986,1
20003,1
20012,1
57933,1
58031,1
58060,1
58070,1
68819,1
57258,1
5730,1
57398,1
57405,1
56933,1
56959,1
92761,1
92767,1
92797,1
92233,1
92306,1
92316,1
20058,1
20202,1
20227,1
20229,1
57041,1
20259,1
92360,1
92397,1
92409,1
92413,1
92425,1
92052,1
9209,1
20371,1
20474,1
20501,1
57691,1
57123,1
57132,1
57161,1
56813,1
56221,1
21004,1
2054,1
20602,1
20662,1
20737,1
20819,1
20889,1
69100,1
68703,1
68751,1
68796,1
56975,1
57031,1
57037,1
92222,1
91860,1
91882,1
91926,1
20911,1
20914,1
20949,1
20951,1
571,1
56635,1
56645,1
56661,1
56716,1
56770,1
5679,1
56796,1
56564,1
56605,1
55941,1
21120,1
21142,1
21213,1
21267,1
21296,1
21302,1
21341,1
20893,1
20903,1
92103,1
92134,1
92145,1
92187,1
92002,1
92005,1
92027,1
91552,1
9157,1
21371,1
21403,1
21426,1
21439,1
69357,1
69424,1
69024,1
56349,1
56389,1
56437,1
56474,1
69267,1
21507,1
91584,1
91677,1
91832,1
91311,1
91354,1
21508,1
21558,1
21574,1
21598,1
21361,1
2137,1
91943,1
91979,1
91985,1
69620,1
22326,1
21699,1
21727,1
21732,1
21959,1
21964,1
21973,1
21476,1
55983,1
69524,1
69534,1
69539,1
69556,1
69559,1
69584,1
54981,1
91426,1
91451,1
91508,1
91516,1
9106,1
22089,1
22180,1
22207,1
22208,1
55619,1
5584,1
55277,1
55287,1
55300,1
69618,1
22430,1
22443,1
22455,1
22497,1
22541,1
22591,1
22625,1
22033,1
6967,1
69681,1
69685,1
69702,1
69758,1
69459,1
695,1
55463,1
55096,1
54630,1
54700,1
69812,1
22683,1
22688,1
22716,1
91179,1
91219,1
90773,1
22741,1
22769,1
22796,1
22921,1
22980,1
22421,1
54849,1
54877,1
23094,1
90948,1
91036,1
91042,1
90475,1
90494,1
23120,1
23149,1
23260,1
550,1
55007,1
5501,1
55027,1
5503,1
69763,1
69780,1
23385,1
23421,1
23566,1
2357,1
23622,1
23625,1
23055,1
23057,1
23060,1
6985,1
69886,1
69901,1
69587,1
69591,1
70201,1
70202,1
7000,1
54095,1
90630,1
90670,1
90732,1
23745,1
2376,1
23762,1
54387,1
70064,1
70113,1
70116,1
70131,1
70142,1
23865,1
23985,1
23989,1
24025,1
24038,1
24166,1
23670,1
23710,1
23731,1
90506,1
90526,1
5461,1
54035,1
54039,1
54045,1
70196,1
24281,1
2430,1
24330,1
24357,1
24362,1
24364,1
54130,1
53709,1
53755,1
53790,1
53840,1
70442,1
70468,1
70484,1
70539,1
23862,1
70360,1
24865,1
24431,1
24445,1
24470,1
90300,1
90325,1
90359,1
90428,1
89828,1
8985,1
89882,1
24513,1
24533,1
24253,1
24268,1
90024,1
90028,1
9005,1
90080,1
89558,1
89595,1
24796,1
24839,1
24844,1
24847,1
70599,1
70601,1
70637,1
70650,1
70705,1
70857,1
25122,1
25125,1
25130,1
25136,1
2521,1
24688,1
5349,1
53600,1
53124,1
53145,1
53199,1
53220,1
53248,1
5326,1
53278,1
90002,1
52692,1
70970,1
25591,1
25592,1
25625,1
25234,1
2525,1
25281,1
25315,1
25336,1
25363,1
25392,1
2540,1
25404,1
25012,1
25020,1
52842,1
52885,1
25506,1
89598,1
89757,1
89758,1
89775,1
89787,1
89278,1
89300,1
2554,1
52950,1
52962,1
53052,1
53074,1
53101,1
25701,1
89320,1
89364,1
89437,1
8944,1
89486,1
891,1
25778,1
25866,1
71048,1
71067,1
71121,1
7075,1
52765,1
52795,1
52818,1
26147,1
26149,1
26152,1
25673,1
25679,1
52294,1
52341,1
52365,1
52462,1
52534,1
5262,1
52008,1
52021,1
71244,1
71251,1
71409,1
52171,1
51813,1
26480,1
2623,1
26262,1
26278,1
26349,1
26370,1
2638,1
2598,1
25991,1
89122,1
89135,1
89199,1
89258,1
88759,1
26407,1
2643,1
88797,1
8881,1
88842,1
88906,1
89049,1
88549,1
88584,1
26468,1
7144,1
71525,1
70896,1
70902,1
52065,1
52104,1
88313,1
26703,1
2671,1
26757,1
2676,1
51816,1
71582,1
71753,1
71754,1
71133,1
71180,1
71242,1
51830,1
51937,1
51955,1
26390,1
27240,1
27314,1
26865,1
26900,1
26912,1
26934,1
26940,1
27076,1
26575,1
2661,1
26644,1
88615,1
88695,1
88711,1
88713,1
88209,1
27669,1
27097,1
88422,1
88439,1
88504,1
88008,1
88011,1
8805,1
27195,1
5200,1
5163,1
51669,1
51408,1
51422,1
71916,1
71927,1
87629,1
87632,1
87646,1
27431,1
7197,1
71987,1
71994,1
71529,1
71534,1
71560,1
51479,1
51486,1
51500,1
51529,1
51160,1
27524,1
72099,1
72174,1
87796,1
87884,1
87928,1
87934,1
87379,1
87412,1
27850,1
27875,1
27889,1
27958,1
27985,1
8806,1
88063,1
87624,1
50272,1
50323,1
28046,1
28059,1
28116,1
28159,1
28186,1
28193,1
27772,1
5117,1
51212,1
51278,1
51325,1
50585,1
50701,1
50714,1
87461,1
87554,1
87091,1
28391,1
28404,1
2844,1
28456,1
28461,1
72193,1
71794,1
71847,1
71864,1
50812,1
50818,1
50830,1
50925,1
28635,1
28651,1
2869,1
28764,1
50329,1
72311,1
72345,1
72358,1
72365,1
72369,1
72374,1
72075,1
50431,1
50442,1
50472,1
28315,1
28921,1
87177,1
87212,1
87215,1
87223,1
87241,1
873,1
8687,1
86875,1
29015,1
29024,1
29088,1
28601,1
28614,1
28615,1
28631,1
49483,1
29594,1
8697,1
29289,1
29305,1
29322,1
29367,1
50527,1
50051,1
50062,1
50069,1
50085,1
49665,1
49702,1
7249,1
28894,1
86797,1
86813,1
86841,1
86854,1
29503,1
29508,1
29532,1
72512,1
72604,1
49747,1
49752,1
49820,1
49825,1
49829,1
4986,1
49894,1
49141,1
49157,1
49165,1
49174,1
7272,1
72804,1
2963,1
29648,1
29697,1
29797,1
29805,1
29816,1
2982,1
2942,1
29456,1
86771,1
72454,1
72458,1
49190,1
49207,1
49321,1
48819,1
86475,1
86564,1
86049,1
86056,1
86094,1
29900,1
29919,1
49501,1
49602,1
49607,1
48944,1
48976,1
48515,1
30128,1
30144,1
30154,1
30219,1
30278,1
29863,1
29867,1
8644,1
72812,1
72848,1
72874,1
72408,1
72451,1
48558,1
48646,1
48751,1
4881,1
30682,1
30702,1
86128,1
86326,1
85781,1
85800,1
30469,1
73114,1
73184,1
72712,1
4889,1
48901,1
4801,1
85653,1
85695,1
85708,1
85130,1
85807,1
85931,1
86019,1
86048,1
85532,1
73298,1
73317,1
73325,1
73342,1
7295,1
48544,1
31249,1
31258,1
31299,1
31316,1
31371,1
30828,1
30846,1
30977,1
30999,1
30511,1
48294,1
73559,1
73663,1
7374,1
73743,1
480,1
85284,1
85295,1
85300,1
85331,1
85335,1
84822,1
84860,1
84864,1
48023,1
73853,1
73866,1
73888,1
73896,1
73902,1
48146,1
48172,1
74044,1
74076,1
8495,1
84961,1
85003,1
85022,1
84588,1
84623,1
31613,1
31626,1
31634,1
31652,1
31153,1
31213,1
852,1
85277,1
31753,1
31756,1
31814,1
31931,1
31423,1
31453,1
84916,1
48271,1
4785,1
47874,1
47891,1
47974,1
47600,1
47605,1
47611,1
47639,1
47511,1
84650,1
84792,1
84811,1
84386,1
32171,1
74125,1
74140,1
74218,1
73758,1
73776,1
73791,1
73795,1
73798,1
47783,1
31749,1
32311,1
32333,1
31960,1
32003,1
8463,1
47785,1
4736,1
47415,1
47444,1
74385,1
74406,1
74418,1
74420,1
74434,1
73993,1
74022,1
47074,1
32399,1
32406,1
32418,1
8447,1
84494,1
84533,1
84195,1
84200,1
8421,1
32421,1
32502,1
32542,1
32551,1
32229,1
32239,1
84076,1
84097,1
32729,1
32743,1
32805,1
32825,1
32834,1
32859,1
47532,1
47533,1
47252,1
47301,1
47306,1
47313,1
47318,1
47323,1
74274,1
47087,1
47120,1
47131,1
47156,1
47171,1
32882,1
33013,1
33093,1
3264,1
32669,1
84254,1
84280,1
84337,1
84346,1
84001,1
74852,1
74858,1
84104,1
84128,1
84144,1
84183,1
83801,1
33240,1
33288,1
33325,1
33345,1
33407,1
74564,1
74602,1
74731,1
74252,1
46820,1
33930,1
33499,1
33537,1
33697,1
33204,1
8410,1
47186,1
46861,1
4687,1
4688,1
4694,1
4698,1
47003,1
47026,1
46502,1
46415,1
83903,1
83925,1
83927,1
83939,1
83991,1
83504,1
83518,1
33845,1
33908,1
33912,1
74933,1
74972,1
74998,1
74457,1
74494,1
34327,1
33969,1
33970,1
3408,1
34096,1
3411,1
33717,1
33783,1
46252,1
46305,1
46333,1
75054,1
7511,1
74792,1
7480,1
46371,1
83743,1
34176,1
34195,1
34214,1
34251,1
34286,1
45936,1
4598,1
75446,1
75477,1
75506,1
75035,1
75045,1
46069,1
46208,1
34324,1
45873,1
45564,1
45586,1
75636,1
34893,1
349,1
34347,1
34444,1
34546,1
34553,1
34562,1
83539,1
83565,1
83650,1
83690,1
83725,1
75349,1
75411,1
75441,1
45598,1
45665,1
45684,1
4571,1
45735,1
82908,1
82949,1
34779,1
34786,1
34881,1
45776,1
45855,1
45867,1
45400,1
45488,1
44961,1
45042,1
76100,1
34937,1
34941,1
34983,1
35,1
35022,1
3509,1
35198,1
34571,1
34680,1
75714,1
75764,1
45187,1
4520,1
44581,1
44617,1
83030,1
83041,1
83153,1
83174,1
8277,1
35304,1
35375,1
35449,1
45247,1
45250,1
45302,1
45309,1
75916,1
7593,1
44689,1
44697,1
4477,1
82802,1
82487,1
82520,1
35726,1
35812,1
35229,1
35246,1
76174,1
75567,1
75595,1
45087,1
36368,1
35905,1
35934,1
35958,1
35988,1
35990,1
35996,1
36,1
35504,1
35522,1
76266,1
76290,1
76363,1
76399,1
75833,1
75900,1
8262,1
82625,1
82707,1
82263,1
82294,1
36138,1
36194,1
36240,1
44827,1
44892,1
76608,1
76637,1
76231,1
44439,1
4453,1
36324,1
44186,1
77030,1
77036,1
76443,1
76463,1
44201,1
44202,1
82423,1
82459,1
8247,1
36470,1
36517,1
36594,1
36598,1
82571,1
82608,1
36851,1
36853,1
36865,1
36383,1
36404,1
44246,1
44300,1
44327,1
44003,1
44055,1
4406,1
44061,1
44081,1
44125,1
43817,1
44563,1
77292,1
77336,1
77340,1
43881,1
37030,1
3706,1
37085,1
8208,1
82133,1
82229,1
82236,1
82245,1
8226,1
81742,1
81788,1
36665,1
77179,1
43652,1
43694,1
37090,1
37182,1
3720,1
37237,1
3732,1
36909,1
36930,1
36971,1
43821,1
77187,1
77193,1
77221,1
77270,1
42951,1
77791,1
37811,1
37426,1
81863,1
81877,1
81965,1
8198,1
81493,1
43930,1
43539,1
43642,1
77495,1
77537,1
77556,1
77175,1
81671,1
81292,1
81306,1
37734,1
43726,1
43728,1
4374,1
43754,1
43186,1
43224,1
43341,1
4336,1
43387,1
43450,1
43477,1
43510,1
4307,1
3791,1
37987,1
37988,1
37992,1
81390,1
81413,1
8143,1
81118,1
38098,1
38111,1
38138,1
37673,1
81576,1
81605,1
81617,1
81169,1
81220,1
81282,1
38458,1
38485,1
38571,1
38572,1
77793,1
77839,1
77887,1
77913,1
7797,1
77457,1
43042,1
43058,1
43064,1
38816,1
38832,1
38171,1
38189,1
38246,1
43105,1
42660,1
4270,1
78103,1
78194,1
78321,1
77677,1
77686,1
77771,1
4280,1
38257,1
78056,1
39259,1
39270,1
39271,1
39315,1
38872,1
80991,1
81054,1
81078,1
81084,1
80758,1
80761,1
39,1
39020,1
38746,1
38778,1
39156,1
80794,1
80844,1
80891,1
80895,1
80512,1
80521,1
39236,1
39240,1
42848,1
42871,1
42324,1
4238,1
78394,1
78430,1
78021,1
80166,1
80227,1
39498,1
39533,1
42584,1
42612,1
42118,1
42127,1
78637,1
78667,1
78691,1
78744,1
78353,1
78362,1
42207,1
39118,1
42115,1
41706,1
40111,1
40144,1
40170,1
39567,1
39812,1
39821,1
39900,1
39324,1
80573,1
80591,1
80639,1
8072,1
80727,1
80164,1
41864,1
41875,1
419,1
3998,1
40004,1
80308,1
80397,1
80450,1
40023,1
41938,1
41961,1
41976,1
41980,1
42026,1
42087,1
42088,1
40354,1
4036,1
40416,1
40418,1
40426,1
40479,1
39920,1
41741,1
41758,1
78818,1
78875,1
79036,1
78565,1
7859,1
41768,1
41858,1
79092,1
791,1
40872,1
40884,1
40500,1
40508,1
80,1
80003,1
80014,1
80022,1
79635,1
40540,1
40578,1
40609,1
40646,1
40192,1
41067,1
40713,1
40722,1
79681,1
79686,1
79791,1
79334,1
79356,1
79369,1
40808,1
41539,1
41576,1
41679,1
41179,1
41199,1
41251,1
79428,1
79528,1
79062,1
79087,1
40982,1
4099,1
41002,1
41058,1
7915,1
79243,1
7926,1
79273,1
78766,1
7879,1
41328,1
40924,1
64955,1
1126,1
11285,1
10887,1
1094,1
10982,1
10986,1
11096,1
1068,1
9974,1
64776,1
64831,1
64842,1
64409,1
64467,1
64484,1
9888,1
10009,1
9942,2
98859,2
98791,2
10329,2
10345,2
10123,2
10139,2
10141,2
10239,2
10873,2
98763,2
10106,2
98604,2
98646,2
79408,2
79444,2
79447,2
79514,2
79543,2
79569,2
79069,2
79082,2
79115,2
79153,2
41317,2
41399,2
41412,2
40922,2
40965,2
79370,2
79753,2
79756,2
79794,2
79843,2
40796,2
40817,2
41438,2
41469,2
4151,2
41541,2
41564,2
41621,2
41624,2
41240,2
40821,2
40829,2
40523,2
80009,2
8002,2
80026,2
40558,2
40562,2
40429,2
40452,2
40483,2
78829,2
78838,2
7889,2
41775,2
39951,2
80245,2
80285,2
80289,2
80340,2
80393,2
79910,2
79919,2
79969,2
79981,2
42265,2
42276,2
41979,2
421,2
4210,2
42102,2
41740,2
39586,2
39625,2
39704,2
39899,2
3933,2
39390,2
80558,2
80625,2
8065,2
8024,2
39404,2
39482,2
39519,2
39555,2
7860,2
78631,2
78753,2
4220,2
42219,2
80795,2
80840,2
80850,2
80463,2
39182,2
39245,2
42811,2
78444,2
78448,2
78543,2
42501,2
42522,2
42555,2
42568,2
38851,2
810,2
81034,2
8076,2
38884,2
38886,2
39010,2
39047,2
38760,2
3879,2
38824,2
38212,2
43112,2
4313,2
43172,2
7816,2
78323,2
4279,2
81160,2
81164,2
81180,2
80906,2
80927,2
80946,2
38518,2
38560,2
77861,2
77876,2
7790,2
77956,2
77373,2
77384,2
81385,2
81447,2
81094,2
81128,2
38054,2
37678,2
37728,2
81597,2
81670,2
81726,2
81310,2
37758,2
3777,2
43752,2
42976,2
37804,2
37816,2
37858,2
37368,2
37378,2
81884,2
8194,2
81534,2
37511,2
43966,2
43562,2
43622,2
77496,2
77151,2
43649,2
37527,2
37540,2
3758,2
37270,2
37303,2
37328,2
36912,2
36939,2
7731,2
77358,2
76792,2
76841,2
76867,2
43822,2
43882,2
37034,2
37046,2
37062,2
37078,2
36599,2
36600,2
36619,2
36651,2
82059,2
82088,2
822,2
8225,2
81792,2
36800,2
36371,2
44238,2
44351,2
44056,2
43758,2
43764,2
43810,2
44549,2
44566,2
4417,2
76968,2
77037,2
77056,2
76464,2
76492,2
82390,2
82392,2
82399,2
82441,2
82023,2
82030,2
36454,2
3648,2
36592,2
36005,2
36049,2
36065,2
8261,2
82659,2
82675,2
44927,2
44355,2
44375,2
76552,2
76775,2
7678,2
44437,2
44528,2
44547,2
36321,2
35850,2
35861,2
35874,2
35945,2
76320,2
76373,2
76422,2
44751,2
44804,2
35548,2
82789,2
8286,2
82871,2
82907,2
82510,2
35606,2
35651,2
35653,2
76107,2
76121,2
76157,2
76162,2
75621,2
45052,2
45213,2
44607,2
35250,2
83081,2
83173,2
83192,2
82727,2
82778,2
35346,2
35374,2
45354,2
4539,2
4545,2
45522,2
4554,2
45041,2
75954,2
35492,2
35033,2
35075,2
3508,2
35221,2
34586,2
3464,2
75709,2
75734,2
75339,2
45624,2
45645,2
45652,2
34696,2
8328,2
83300,2
83347,2
8342,2
83469,2
8292,2
3480,2
34818,2
34838,2
34851,2
45805,2
45813,2
45852,2
45903,2
45924,2
45542,2
45596,2
75632,2
75642,2
34336,2
34413,2
34426,2
34442,2
34480,2
34486,2
34111,2
83558,2
83202,2
83207,2
83237,2
83257,2
34194,2
34200,2
755,2
75509,2
75052,2
46007,2
46138,2
46148,2
46160,2
34302,2
33987,2
34052,2
34081,2
34106,2
33715,2
33752,2
75147,2
75226,2
7478,2
74788,2
4639,2
4643,2
46491,2
83908,2
83919,2
83951,2
83515,2
33786,2
33880,2
75000,2
74437,2
74516,2
46697,2
46698,2
46711,2
46716,2
46718,2
4672,2
46239,2
33929,2
33935,2
33964,2
33438,2
33490,2
33635,2
33664,2
33687,2
3319,2
3321,2
46838,2
46944,2
46969,2
46620,2
74868,2
84119,2
8417,2
84180,2
83818,2
33380,2
33381,2
74528,2
74550,2
74567,2
74246,2
47114,2
47130,2
32954,2
33072,2
33081,2
33133,2
33188,2
32600,2
32646,2
84245,2
84249,2
84264,2
84314,2
84317,2
84055,2
3284,2
47548,2
4755,2
47572,2
47575,2
47314,2
47027,2
74524,2
32358,2
8451,2
84587,2
84225,2
32569,2
32578,2
32208,2
32241,2
32275,2
32290,2
3199,2
32021,2
74404,2
73945,2
73973,2
74030,2
84655,2
8466,2
84664,2
84746,2
84371,2
84460,2
32092,2
32115,2
32135,2
32152,2
32159,2
74090,2
74092,2
74120,2
7414,2
74163,2
47647,2
47720,2
32181,2
31732,2
31782,2
31799,2
31812,2
31909,2
31492,2
31502,2
47846,2
47863,2
47908,2
47993,2
47995,2
85021,2
8505,2
84593,2
31507,2
31530,2
31690,2
31696,2
31104,2
85216,2
84834,2
48011,2
73803,2
73884,2
73887,2
73929,2
48163,2
48173,2
48194,2
30746,2
30782,2
30863,2
30890,2
30983,2
31016,2
48338,2
73724,2
73730,2
73243,2
48382,2
48394,2
48413,2
48468,2
48504,2
30523,2
85617,2
8563,2
85669,2
85861,2
85446,2
85535,2
4852,2
73393,2
73394,2
72926,2
73013,2
48735,2
30699,2
307,2
3070,2
86122,2
86153,2
86179,2
85773,2
85793,2
30464,2
73118,2
73154,2
73157,2
72663,2
72680,2
72718,2
48994,2
48513,2
30493,2
30500,2
3008,2
3013,2
30196,2
30290,2
29871,2
29877,2
72811,2
49185,2
49312,2
4882,2
4886,2
86483,2
86563,2
86091,2
86115,2
29943,2
29949,2
29953,2
29976,2
29980,2
4951,2
49536,2
49547,2
49575,2
49586,2
49152,2
7275,2
29988,2
29994,2
29619,2
29640,2
29669,2
2971,2
29819,2
29828,2
86758,2
86763,2
86793,2
86814,2
86846,2
86375,2
86402,2
72500,2
72631,2
72632,2
72644,2
72658,2
72278,2
29580,2
29202,2
29217,2
87012,2
87048,2
8666,2
86693,2
29294,2
29381,2
28813,2
49947,2
49969,2
50054,2
50055,2
50090,2
50140,2
50191,2
502,2
28931,2
87224,2
87294,2
28935,2
28979,2
29081,2
29102,2
29112,2
28539,2
2875,2
28233,2
50339,2
72332,2
72393,2
50385,2
50386,2
28271,2
87516,2
87517,2
87542,2
87155,2
87156,2
2840,2
72238,2
72244,2
7186,2
71860,2
50893,2
5095,2
28510,2
28032,2
28039,2
28112,2
28120,2
28219,2
27744,2
27801,2
2784,2
51167,2
51180,2
51202,2
51383,2
51384,2
72105,2
72183,2
87847,2
87924,2
27892,2
2797,2
27325,2
27347,2
88061,2
88078,2
88086,2
8811,2
88184,2
87628,2
27395,2
27485,2
71932,2
7198,2
71561,2
51507,2
51055,2
27509,2
27591,2
8836,2
88473,2
27136,2
27202,2
5153,2
51539,2
51556,2
51590,2
5161,2
51615,2
51624,2
51717,2
51469,2
27228,2
26925,2
26992,2
27051,2
88598,2
88612,2
88639,2
88644,2
88645,2
88188,2
8834,2
71634,2
71659,2
71733,2
71183,2
51893,2
51899,2
26819,2
26387,2
88886,2
8857,2
26445,2
71422,2
71437,2
71449,2
70925,2
52142,2
52172,2
52253,2
52271,2
26520,2
26248,2
26338,2
26350,2
26373,2
26377,2
25998,2
8912,2
89171,2
89195,2
26030,2
26155,2
26227,2
52432,2
52519,2
52563,2
52051,2
71284,2
89421,2
8947,2
89526,2
89110,2
25806,2
25861,2
25867,2
71088,2
70722,2
7073,2
70734,2
52784,2
52821,2
52843,2
25942,2
25946,2
89666,2
89700,2
89747,2
89802,2
8931,2
52956,2
5296,2
5306,2
53079,2
53089,2
52640,2
71005,2
71011,2
71047,2
25594,2
2564,2
25273,2
25302,2
25424,2
24872,2
24953,2
25027,2
25192,2
24730,2
24734,2
24755,2
53607,2
5363,2
53154,2
53159,2
53182,2
53247,2
52944,2
89948,2
90037,2
90092,2
89527,2
8957,2
70156,2
70168,2
70177,2
70182,2
70751,2
70780,2
70827,2
70421,2
53447,2
90319,2
90374,2
90389,2
24480,2
24520,2
24575,2
24584,2
24635,2
24289,2
24334,2
24346,2
54165,2
54220,2
54312,2
53721,2
53757,2
53402,2
70440,2
23934,2
2394,2
2369,2
23725,2
54584,2
54019,2
70215,2
70229,2
70249,2
70319,2
70355,2
90538,2
90551,2
90580,2
90621,2
90111,2
9016,2
90161,2
90180,2
23752,2
23832,2
54411,2
54453,2
70039,2
70120,2
69770,2
69807,2
54481,2
54537,2
23857,2
23264,2
23313,2
23362,2
23389,2
23594,2
23630,2
69969,2
69972,2
69588,2
69593,2
54774,2
54912,2
54919,2
54967,2
54381,2
90976,2
90989,2
90990,2
91025,2
90501,2
23136,2
23196,2
54982,2
54997,2
55073,2
55206,2
54644,2
54682,2
54740,2
22697,2
91104,2
91141,2
91266,2
90919,2
22824,2
22408,2
22445,2
22462,2
22523,2
22536,2
22578,2
69687,2
69490,2
55362,2
554,2
55401,2
55449,2
55458,2
22064,2
91400,2
9144,2
91079,2
22146,2
22234,2
22297,2
56126,2
56176,2
55629,2
5563,2
55694,2
5576,2
55838,2
55904,2
69612,2
22372,2
21763,2
21766,2
21835,2
21863,2
21882,2
21891,2
21473,2
55950,2
55960,2
69525,2
69544,2
55989,2
55994,2
56052,2
56090,2
21506,2
91322,2
21541,2
21572,2
21617,2
21687,2
91966,2
92,2
69363,2
69366,2
69379,2
69394,2
6904,2
56593,2
21456,2
21457,2
2108,2
21161,2
21246,2
21313,2
21330,2
20902,2
92113,2
92170,2
9193,2
57106,2
56708,2
56882,2
56265,2
56321,2
69332,2
21055,2
20504,2
2062,2
2066,2
20683,2
20717,2
20796,2
2089,2
20243,2
69083,2
69092,2
69105,2
69109,2
69179,2
69183,2
68691,2
57046,2
92040,2
92070,2
20462,2
20494,2
20020,2
57696,2
57702,2
57720,2
57168,2
57198,2
57359,2
20057,2
92682,2
92709,2
92769,2
92248,2
20134,2
20174,2
20196,2
19733,2
19842,2
19866,2
57509,2
68832,2
68955,2
68547,2
68570,2
19480,2
19499,2
93012,2
93014,2
93016,2
19608,2
19675,2
1973,2
19731,2
1927,2
19277,2
19285,2
19340,2
1937,2
18976,2
19023,2
58238,2
57750,2
57843,2
68600,2
68645,2
68388,2
19092,2
19094,2
19201,2
19211,2
19220,2
58093,2
58095,2
58127,2
68467,2
68516,2
5813,2
58176,2
93227,2
9324,2
92807,2
92822,2
18798,2
1839,2
93525,2
93072,2
18610,2
18224,2
93681,2
93717,2
93824,2
93420,2
18334,2
68248,2
68258,2
58362,2
58440,2
58460,2
58493,2
17762,2
17778,2
94043,2
94187,2
9422,2
93629,2
93653,2
17881,2
5892,2
58984,2
58498,2
58503,2
58553,2
58663,2
5826,2
58331,2
18042,2
17577,2
17671,2
17691,2
17276,2
17291,2
67920,2
67932,2
67971,2
67994,2
68014,2
67665,2
58860,2
58861,2
94361,2
94445,2
93857,2
9390,2
93935,2
17330,2
17434,2
17103,2
17164,2
59553,2
5906,2
59096,2
59114,2
59132,2
59134,2
59249,2
59289,2
58718,2
67747,2
67794,2
67797,2
67412,2
67420,2
59383,2
59435,2
59444,2
59528,2
59538,2
16682,2
94555,2
94628,2
94249,2
16720,2
16815,2
16870,2
16878,2
16891,2
16908,2
16931,2
16392,2
16440,2
16446,2
16534,2
59777,2
59815,2
59332,2
67699,2
67702,2
94818,2
94826,2
94901,2
94537,2
16211,2
16279,2
16287,2
95064,2
94704,2
60285,2
59841,2
59957,2
59960,2
60040,2
60047,2
60076,2
59577,2
16041,2
15461,2
15483,2
95428,2
95554,2
9500,2
95025,2
15527,2
15574,2
67426,2
67450,2
67476,2
67491,2
67594,2
60220,2
15610,2
15655,2
15310,2
1541,2
15436,2
15458,2
60399,2
60408,2
6733,2
66780,2
66832,2
60414,2
6057,2
15262,2
15274,2
15285,2
1484,2
14846,2
14872,2
95635,2
66988,2
66492,2
66493,2
60811,2
60850,2
60884,2
61011,2
61131,2
95709,2
9571,2
95748,2
95775,2
952,2
95201,2
95263,2
95854,2
96002,2
14699,2
96157,2
61600,2
61157,2
61173,2
61186,2
61204,2
61229,2
61262,2
6133,2
60642,2
66847,2
66913,2
61429,2
66524,2
66590,2
66673,2
66284,2
66288,2
61517,2
61576,2
96171,2
96175,2
96180,2
96212,2
1433,2
14346,2
14369,2
14407,2
14420,2
6203,2
61606,2
61643,2
66315,2
66317,2
65992,2
66028,2
66042,2
61657,2
14460,2
14027,2
14126,2
14135,2
14148,2
14167,2
13864,2
62210,2
62217,2
61841,2
66106,2
66140,2
66155,2
65869,2
61883,2
13911,2
13915,2
13941,2
96332,2
9647,2
96478,2
96516,2
96142,2
1395,2
13959,2
13963,2
13981,2
14024,2
13812,2
13365,2
96621,2
65912,2
65983,2
65612,2
62094,2
62124,2
96675,2
96725,2
96752,2
96283,2
96327,2
96331,2
13368,2
62656,2
62720,2
62322,2
62348,2
62440,2
62464,2
62498,2
62043,2
13432,2
13567,2
13030,2
1307,2
13100,2
13134,2
13247,2
62530,2
62534,2
65640,2
6566,2
6571,2
65717,2
65352,2
65377,2
62588,2
62618,2
1284,2
12842,2
12884,2
96977,2
97021,2
96538,2
12914,2
12989,2
633,2
6346,2
62828,2
62839,2
62845,2
6286,2
62933,2
6297,2
62516,2
97173,2
97185,2
97200,2
96838,2
1277,2
12803,2
12816,2
12822,2
65397,2
65427,2
65124,2
63155,2
6316,2
63182,2
12376,2
12395,2
12397,2
97352,2
97385,2
97514,2
12405,2
63809,2
63860,2
63479,2
63503,2
63551,2
63576,2
62974,2
6300,2
12455,2
1252,2
11916,2
11935,2
9773,2
97254,2
12044,2
12182,2
12244,2
11576,2
98014,2
9817,2
97628,2
63721,2
65185,2
65268,2
64926,2
63788,2
1172,2
11293,2
11346,2
11353,2
11494,2
11529,2
11536,2
11150,2
11211,2
64685,2
64687,2
64750,2
64014,2
64015,2
64040,2
6405,2
984,2
97939,2
97975,2
98011,2
11237,2
11239,2
64128,2
64215,2
64223,2
64295,2
64298,2
64307,2
64334,2
64398,2
6393,2
63971,2
1125,2
11264,2
10926,2
10972,2
11004,2
11057,2
11088,2
11135,2
9858,2
64792,2
648,2
64678,2
10763,2
10771,2
10418,2
10489,2
10577,2
10583,2
10862,2
10823,3
9821,3
64810,3
64860,3
64486,3
64541,3
98530,3
98543,3
64759,3
64771,3
1129,3
10954,3
44108,3
4411,3
77188,3
76219,3
64170,3
97540,3
11864,3
11397,3
11421,3
63674,3
10608,3
9947,3
9935,3
98887,3
1011,3
98585,3
98755,3
10720,3
10402,3
10839,3
12968,3
65690,3
6379,3
63805,3
63882,3
63511,3
97670,3
97757,3
97874,3
97194,3
96859,3
12679,3
12787,3
98109,3
12474,3
12497,3
13006,3
13054,3
6235,3
62093,3
65908,3
65414,3
65456,3
65141,3
63083,3
63094,3
12333,3
12342,3
97462,3
12901,3
12916,3
1294,3
96274,3
96275,3
958,3
1404,3
61849,3
66122,3
62565,3
62799,3
62307,3
133,3
96997,3
96132,3
13634,3
13674,3
13367,3
13502,3
65953,3
65970,3
65604,3
65615,3
6218,3
62185,3
61847,3
14064,3
13868,3
15041,3
14578,3
14637,3
13702,3
13735,3
13349,3
96160,3
66555,3
66627,3
66152,3
65823,3
61602,3
1469,3
14210,3
15191,3
1528,3
14829,3
95616,3
95231,3
61653,3
66330,3
6635,3
65950,3
16305,3
94676,3
15495,3
61241,3
61327,3
66044,3
96101,3
95588,3
14886,3
95020,3
15513,3
15613,3
15628,3
15342,3
61825,3
615,3
17411,3
16994,3
61503,3
61555,3
61598,3
95058,3
95059,3
94611,3
94650,3
94246,3
16708,3
16339,3
15503,3
9536,3
94478,3
16207,3
93651,3
17876,3
17958,3
60569,3
67469,3
60704,3
60746,3
66915,3
67042,3
60917,3
16432,3
16535,3
94298,3
94411,3
9387,3
17363,3
93457,3
93536,3
93065,3
93077,3
18532,3
67275,3
66835,3
60477,3
17688,3
17694,3
93806,3
93334,3
18328,3
18347,3
18366,3
16590,3
19659,3
59065,3
59184,3
67586,3
67192,3
60181,3
60258,3
60352,3
18588,3
18606,3
19156,3
18714,3
18783,3
18799,3
17837,3
93454,3
58541,3
5857,3
59342,3
67761,3
6737,3
6740,3
59418,3
5946,3
59557,3
18805,3
18828,3
18830,3
18888,3
1849,3
92514,3
9264,3
92700,3
92151,3
1949,3
92945,3
92083,3
20447,3
68441,3
67605,3
58767,3
58853,3
19264,3
1929,3
19014,3
92253,3
20124,3
19840,3
216,3
68675,3
58286,3
68180,3
68287,3
58420,3
20881,3
20298,3
92318,3
92011,3
21419,3
21428,3
21465,3
20499,3
20018,3
20021,3
681,3
58136,3
58180,3
21356,3
21370,3
920,3
91522,3
91081,3
91093,3
91100,3
21806,3
21108,3
21144,3
92093,3
91649,3
91724,3
5696,3
57925,3
57941,3
57976,3
58064,3
5749,3
21860,3
91589,3
90782,3
90892,3
2301,3
57520,3
68881,3
68952,3
6848,3
68498,3
24317,3
56886,3
68967,3
68575,3
57734,3
57154,3
91124,3
91215,3
24133,3
24190,3
23757,3
23766,3
23858,3
90459,3
90493,3
56915,3
89951,3
24812,3
24871,3
55980,3
69520,3
6958,3
69123,3
69142,3
57085,3
57102,3
23646,3
2366,3
23109,3
2454,3
2456,3
24238,3
56316,3
69395,3
69452,3
69051,3
69064,3
24414,3
90261,3
25632,3
25257,3
25266,3
2532,3
24335,3
23863,3
23964,3
23997,3
89890,3
88725,3
88733,3
55372,3
55403,3
55217,3
6922,3
5600,3
56141,3
55502,3
25021,3
89359,3
25737,3
25897,3
25907,3
55634,3
55701,3
26547,3
26563,3
54901,3
54397,3
70121,3
55936,3
55246,3
69489,3
55314,3
25439,3
25458,3
89771,3
89270,3
89136,3
89215,3
89257,3
70012,3
70025,3
55233,3
6987,3
26331,3
26361,3
26367,3
25988,3
88700,3
26702,3
26739,3
2686,3
88555,3
88576,3
26452,3
26535,3
5394,3
70140,3
69786,3
54468,3
54532,3
54551,3
88873,3
89047,3
88545,3
27162,3
27174,3
27241,3
26864,3
26867,3
70223,3
70270,3
87441,3
27904,3
70836,3
70850,3
70876,3
70393,3
70400,3
53661,3
53677,3
26915,3
26568,3
88118,3
88165,3
27563,3
27642,3
27111,3
533,3
5335,3
52974,3
52998,3
53410,3
7061,3
70758,3
70770,3
27124,3
88350,3
88449,3
88482,3
88500,3
87676,3
87695,3
87890,3
86703,3
52358,3
52463,3
52472,3
53418,3
53491,3
53543,3
28017,3
28228,3
86862,3
28960,3
88057,3
87538,3
87590,3
87110,3
28469,3
29987,3
29595,3
52118,3
51809,3
51818,3
52646,3
7110,3
52858,3
52879,3
29390,3
86417,3
29465,3
28327,3
86946,3
86621,3
86629,3
30495,3
51583,3
51631,3
51744,3
52059,3
71297,3
71516,3
70961,3
52096,3
29206,3
86907,3
86941,3
86944,3
29860,3
86424,3
86461,3
30407,3
30433,3
5151,3
51517,3
71775,3
51892,3
51896,3
51908,3
29411,3
29464,3
86761,3
85735,3
3047,3
30470,3
30478,3
3048,3
72352,3
51461,3
7192,3
71967,3
71981,3
71550,3
51474,3
30445,3
85671,3
85135,3
85189,3
85902,3
85916,3
30123,3
30271,3
30538,3
31671,3
50117,3
50214,3
5066,3
72110,3
50828,3
85992,3
85475,3
31236,3
31245,3
3129,3
30729,3
30781,3
30882,3
50849,3
50914,3
3204,3
32058,3
32107,3
4942,3
72387,3
72058,3
50374,3
50378,3
5045,3
31070,3
30508,3
30533,3
85558,3
31401,3
85037,3
31594,3
31915,3
32494,3
32566,3
4924,3
49401,3
72246,3
72256,3
72305,3
49806,3
31107,3
31139,3
85323,3
84649,3
84711,3
8436,3
84438,3
49080,3
73301,3
49574,3
49591,3
72750,3
72755,3
32314,3
32325,3
32355,3
33143,3
32635,3
84241,3
84078,3
32764,3
31840,3
319,3
33810,3
33508,3
48791,3
48292,3
73089,3
73124,3
73162,3
4890,3
49073,3
84478,3
84505,3
33225,3
84138,3
84156,3
33229,3
33336,3
83351,3
8344,3
8297,3
34485,3
48456,3
48001,3
73416,3
48578,3
48640,3
33533,3
34129,3
83751,3
83270,3
34228,3
32874,3
33102,3
35669,3
47907,3
47909,3
73731,3
73754,3
73241,3
73268,3
4843,3
34118,3
83133,3
82720,3
82774,3
35496,3
34048,3
34083,3
34091,3
36459,3
4744,3
74294,3
73457,3
4814,3
35689,3
35792,3
82998,3
82267,3
35827,3
35834,3
35017,3
3513,3
3519,3
82861,3
82503,3
47071,3
74122,3
47715,3
47722,3
36734,3
36856,3
3637,3
81573,3
3747,3
37585,3
37159,3
36014,3
82618,3
35899,3
35560,3
81983,3
47591,3
47229,3
47235,3
47291,3
3717,3
37271,3
81701,3
81311,3
37815,3
37870,3
3788,3
37406,3
81875,3
47304,3
47317,3
47029,3
8090,3
38266,3
38334,3
38416,3
46257,3
75103,3
74651,3
74290,3
81917,3
81967,3
81122,3
38113,3
38157,3
46937,3
46979,3
47557,3
45969,3
4658,3
74811,3
46721,3
46751,3
38741,3
38756,3
80835,3
80453,3
39224,3
38875,3
81350,3
81400,3
38594,3
81688,3
8117,3
39689,3
39727,3
40705,3
40298,3
40339,3
4577,3
45770,3
75272,3
46453,3
40081,3
40095,3
40100,3
39584,3
81036,3
81063,3
80681,3
78590,3
79891,3
41257,3
79238,3
45287,3
45330,3
45430,3
45517,3
46116,3
46128,3
79386,3
79900,3
79361,3
79368,3
40876,3
80020,3
42647,3
4161,3
78363,3
42192,3
45092,3
45887,3
45565,3
75634,3
41308,3
41400,3
41417,3
41434,3
78825,3
78943,3
79041,3
78544,3
78451,3
78456,3
77781,3
77438,3
43076,3
76526,3
76533,3
76737,3
4505,3
78731,3
428,3
42857,3
42008,3
78811,3
42424,3
4254,3
77266,3
76840,3
43903,3
442,3
76976,3
77035,3
76351,3
44403,3
78095,3
7811,3
78115,3
78306,3
77634,3
7716,3
43339,3
43352,3
76241,3
76262,3
44428,3
44148,3
44194,3
77506,3
7758,3
77627,3
77052,3
76468,3
44231,3
44250,3
43970,3
43992,3
43421,3
43,3
63575,3
65067,3
64016,3
64019,3
1145,3
11486,3
11522,3
11143,3
97878,3
97335,3
12008,3
12094,3
12254,3
11592,3
6467,3
64154,3
9948,3
43440,4
43998,4
44565,4
44451,4
10654,4
64463,4
18554,4
84576,4
31714,4
33161,4
32294,4
49176,4
48541,4
49127,4
83857,4
84175,4
57902,4
57361,4
23248,4
91051,4
91049,4
57120,4
77025,4
4393,4
4388,4
64209,4
64136,4
12074,4
1116,4
98782,4
11075,4
43869,4
7556,4
76010,4
45009,4
76758,4
64943,4
63056,4
63580,4
11869,4
12567,4
57695,4
5767,4
56260,4
56782,4
56725,4
24228,4
24597,4
9816,4
98099,4
98096,4
98058,4
12747,4
96878,4
97660,4
11943,4
42129,4
45061,4
56421,4
24777,4
89570,4
90060,4
24065,4
25606,4
56067,4
78082,4
78015,4
77987,4
78474,4
78792,4
41966,4
42341,4
42889,4
77681,4
68468,4
68873,4
68863,4
23051,4
90792,4
97489,4
44657,4
45101,4
41921,4
4224,4
42180,4
41873,4
42643,4
55547,4
25724,4
89071,4
8940,4
24676,4
25162,4
25139,4
24922,4
56113,4
2208,4
5822,4
79137,4
79667,4
40739,4
41803,4
40900,4
65337,4
65659,4
62920,4
96578,4
96527,4
97055,4
4560,4
75396,4
75658,4
26158,4
26137,4
97459,4
12799,4
62803,4
65380,4
65930,4
12993,4
13535,4
78779,4
55099,4
88771,4
89145,4
91620,4
20910,4
2121,4
40998,4
79525,4
80114,4
80112,4
46096,4
75023,4
75544,4
75515,4
45482,4
45650,4
68110,4
25489,4
26497,4
89338,4
25676,4
25671,4
3966,4
40496,4
40898,4
80438,4
80390,4
40410,4
40386,4
4115,4
41048,4
41008,4
26258,4
5478,4
69598,4
69899,4
70001,4
27125,4
54378,4
54197,4
14002,4
96520,4
75308,4
40278,4
40617,4
40572,4
3972,4
87996,4
8894,4
58416,4
68440,4
68416,4
68371,4
54530,4
53398,4
8097,4
8095,4
79904,4
8082,4
97120,4
12612,4
14008,4
54477,4
54474,4
53775,4
53759,4
27077,4
88170,4
26892,4
53746,4
20946,4
27956,4
80581,4
80565,4
13306,4
13225,4
65367,4
1406,4
54120,4
87408,4
87356,4
21088,4
91531,4
20340,4
58465,4
88429,4
14957,4
96351,4
14091,4
46538,4
3942,4
39401,4
52993,4
28406,4
28337,4
20361,4
92914,4
19451,4
19950,4
20642,4
21051,4
21050,4
81430,4
38865,4
39219,4
39162,4
80877,4
81138,4
38804,4
38790,4
38730,4
74925,4
14241,4
13845,4
13703,4
14680,4
15025,4
15022,4
38480,4
81681,4
37675,4
38710,4
38646,4
39068,4
28572,4
29127,4
27722,4
28230,4
53117,4
53421,4
70403,4
52339,4
52910,4
29255,4
95764,4
14179,4
14777,4
14686,4
29231,4
87072,4
19429,4
19319,4
58520,4
585,4
58841,4
58816,4
58114,4
87495,4
6165,4
74281,4
53081,4
52145,4
29903,4
86612,4
37331,4
37166,4
66218,4
61495,4
15600,4
95039,4
14904,4
46959,4
469,4
38061,4
66357,4
9608,4
52571,4
52509,4
51718,4
29405,4
37433,4
4780,4
61322,4
61276,4
61221,4
61152,4
16027,4
29157,4
29581,4
29551,4
28819,4
52658,4
35877,4
36724,4
36720,4
37016,4
36975,4
82699,4
36072,4
36539,4
37654,4
86571,4
86488,4
86931,4
29196,4
52080,4
70922,4
52052,4
15368,4
1618,4
16135,4
949,4
82379,4
67768,4
5938,4
58248,4
58646,4
5859,4
20182,4
20099,4
20084,4
92801,4
92790,4
92732,4
82283,4
35747,4
48033,4
73507,4
74400,4
74328,4
74312,4
47419,4
82002,4
82460,4
82412,4
15860,4
1584,4
95191,4
15134,4
15429,4
94853,4
95440,4
94279,4
95134,4
7177,4
51239,4
30440,4
3030,4
30727,4
30645,4
30638,4
30612,4
3022,4
85054,4
6160,4
8335,4
67166,4
67929,4
58749,4
19566,4
35456,4
83146,4
66309,4
66741,4
60374,4
16934,4
94770,4
4840,4
73277,4
47953,4
47840,4
35574,4
85955,4
8594,4
72142,4
72116,4
51373,4
16091,4
66435,4
67484,4
1756,4
181,4
83484,4
33707,4
86131,4
18589,4
60307,4
60182,4
31541,4
85009,4
30510,4
50487,4
4943,4
83525,4
3415,4
3363,4
73933,4
73928,4
34827,4
34697,4
93033,4
93008,4
5147,4
71885,4
17651,4
60514,4
84806,4
93481,4
93641,4
94154,4
94108,4
93251,4
19131,4
72252,4
17953,4
94553,4
18297,4
4964,4
50235,4
49932,4
32389,4
72702,4
7316,4
73022,4
73523,4
48370,4
48309,4
33424,4
72516,4
72469,4
49704,4
4888,4
48851,4
49384,4
3221,4
32202,4
24567,4
2347,4
23430,4
6873,4
69121,4
78471,4
42416,4
78334,4
44354,4
44775,4
76382,4
77050,4
90232,4
91214,4
91183,4
57926,4
23819,4
10283,4
9797,4
11275,4
76208,4
11840,4
65243,4
98876,4
98728,4
64069,5
11815,5
44144,5
10880,5
98509,5
9142,5
22060,5
22426,5
4300,5
4338,5
44043,5
44239,5
7757,5
77501,5
64495,5
64824,5
64773,5
84184,5
84581,5
32709,5
32706,5
84351,5
72905,5
72873,5
49634,5
48506,5
3325,5
8388,5
32862,5
48961,5
73145,5
32592,5
32530,5
60431,5
59682,5
60054,5
59937,5
49901,5
32103,5
31980,5
94031,5
93271,5
18166,5
18162,5
85351,5
33420,5
3391,5
83509,5
18028,5
17898,5
94571,5
18241,5
93818,5
17251,5
17213,5
83987,5
83964,5
83962,5
84604,5
84591,5
85026,5
30949,5
72070,5
72017,5
72014,5
49455,5
32962,5
32938,5
3342,5
83721,5
33515,5
48651,5
72975,5
73334,5
48482,5
51492,5
51448,5
72324,5
30809,5
85922,5
50547,5
49668,5
82980,5
16083,5
16549,5
60955,5
60789,5
67011,5
17482,5
18044,5
83372,5
86293,5
86198,5
8614,5
60363,5
58753,5
19685,5
19643,5
92596,5
34004,5
35402,5
83113,5
34119,5
34534,5
66645,5
67217,5
61070,5
1742,5
34517,5
48392,5
73196,5
8248,5
82881,5
95564,5
16373,5
51528,5
30555,5
30163,5
8568,5
85624,5
86318,5
61559,5
82841,5
36343,5
361,5
36082,5
48218,5
73440,5
36449,5
15420,5
59417,5
58616,5
92766,5
51985,5
71175,5
82331,5
35530,5
35841,5
8216,5
36916,5
37134,5
37595,5
51545,5
30502,5
86345,5
9296,5
18433,5
37471,5
61752,5
617,5
15932,5
15906,5
47671,5
47979,5
47316,5
37349,5
29510,5
86416,5
86414,5
87352,5
29350,5
52695,5
51790,5
37747,5
37212,5
47280,5
47278,5
47547,5
61891,5
65891,5
65814,5
61387,5
61820,5
46905,5
38129,5
38085,5
65984,5
66362,5
96001,5
86958,5
19104,5
58109,5
58475,5
87444,5
28772,5
62005,5
8191,5
47124,5
74559,5
75087,5
80914,5
81174,5
38907,5
2794,5
28700,5
29030,5
86856,5
53202,5
52388,5
81336,5
37902,5
3853,5
38876,5
80548,5
7447,5
1374,5
14623,5
96338,5
3947,5
53038,5
87619,5
87567,5
20362,5
80128,5
62289,5
62661,5
66123,5
66118,5
66089,5
66058,5
39371,5
39361,5
81012,5
70033,5
7087,5
87793,5
9221,5
9156,5
53388,5
5338,5
40162,5
40159,5
80773,5
3914,5
3910,5
96737,5
12613,5
12981,5
1365,5
54008,5
540,5
27092,5
27486,5
26942,5
54199,5
14006,5
13990,5
96124,5
97050,5
39535,5
46348,5
45815,5
40621,5
79612,5
89031,5
54043,5
58461,5
67837,5
68209,5
58264,5
91276,5
91845,5
54535,5
39685,5
39666,5
40897,5
40789,5
80439,5
41011,5
26835,5
26658,5
8820,5
88689,5
25995,5
5482,5
69908,5
70306,5
27278,5
88025,5
79064,5
4096,5
79579,5
46017,5
7504,5
75462,5
68043,5
55305,5
69474,5
6963,5
69604,5
70115,5
26491,5
26166,5
41277,5
97349,5
65514,5
62428,5
1309,5
13518,5
7877,5
79220,5
69201,5
55167,5
55006,5
25999,5
20906,5
9150,5
21349,5
21664,5
41687,5
79861,5
41849,5
78593,5
63800,5
45102,5
45080,5
42296,5
78355,5
42125,5
42570,5
69346,5
55804,5
25438,5
89117,5
24928,5
69246,5
41716,5
42322,5
42930,5
42912,5
42899,5
78757,5
78664,5
90243,5
24371,5
56348,5
68944,5
23020,5
91248,5
91216,5
91601,5
2185,5
21820,5
69047,5
98092,5
12657,5
96855,5
96811,5
42176,5
69076,5
69571,5
24773,5
24761,5
23971,5
25229,5
2567,5
25624,5
89318,5
90280,5
7600,5
44992,5
42786,5
65028,5
64937,5
63513,5
97074,5
69013,5
56686,5
90921,5
57006,5
43056,5
77422,5
43204,5
43723,5
4369,5
78170,5
44688,5
75808,5
76439,5
57156,5
57504,5
58021,5
5716,5
23199,5
90968,5
76975,5
43902,5
11802,5
11617,5
97607,5
11555,5
64047,5
65076,5
43877,5
982,5
98209,5
10561,5
41647,6
16982,6
21980,6
22566,6
22644,6
56895,6
16961,6
23202,6
23192,6
23131,6
57562,6
89862,6
76713,6
44427,6
42763,6
77589,6
44256,6
63525,6
47852,6
35580,6
4271,6
43150,6
43022,6
24822,6
37285,6
61989,6
15305,6
1559,6
94990,6
55640,6
95573,6
38079,6
42208,6
41650,6
64912,6
95313,6
41513,6
41962,6
95271,6
63496,6
6926,6
26020,6
88720,6
95132,6
9513,6
89793,6
55320,6
55236,6
34930,6
54910,6
26245,6
26517,6
36139,6
26586,6
54792,6
3523,6
69895,6
82657,6
26393,6
43601,6
91371,6
61760,6
91712,6
61684,6
66055,6
41761,6
63856,6
63796,6
66369,6
65625,6
62523,6
62906,6
12903,6
12887,6
96587,6
48258,6
75648,6
48209,6
20933,6
91888,6
91532,6
20721,6
70767,6
28442,6
87115,6
2738,6
92486,6
92480,6
73473,6
81980,6
15889,6
15106,6
40625,6
40510,6
3997,6
7958,6
11129,6
41280,6
78788,6
65114,6
13446,6
40765,6
2823,6
53121,6
53551,6
9454,6
2929,6
8705,6
81768,6
67961,6
10313,6
98811,6
76779,6
97157,6
39089,6
4636,6
74738,6
44062,6
7520,6
45778,6
98348,6
40198,6
29506,6
8734,6
98752,6
70975,6
76921,6
51734,6
3006,6
30447,6
29777,6
51829,6
71639,6
71595,6
51256,6
63941,6
30141,6
85655,6
59218,6
50350,6
51033,6
31317,6
74821,6
46571,6
45991,6
45948,6
65366,6
80738,6
39607,6
72156,6
49915,6
84844,6
93058,6
93189,6
19209,6
18213,6
85343,6
37732,6
39003,6
96166,6
14671,6
14647,6
74857,6
60494,6
60423,6
66772,6
59979,6
59904,6
32493,6
31698,6
33148,6
32328,6
3227,6
49210,6
84496,6
83491,6
93782,6
32915,6
33973,6
81515,6
81946,6
62225,6
148,6
14235,6
47190,6
74631,6
47080,6
33195,6
66990,6
67543,6
60079,6
35292,6
34561,6
34522,6
66687,6
61040,6
10150,7
57220,7
11877,7
97090,7
2551,7
22913,7
57510,7
69306,7
55788,7
44675,7
77176,7
4152,7
78689,7
91437,7
91952,7
70117,7
26766,7
69932,7
88935,7
57899,7
91713,7
27500,7
26954,7
64751,7
41410,7
269,7
9233,7
19460,7
27371,7
27364,7
8005,7
53540,7
67656,7
68457,7
2829,7
40041,7
75280,7
45754,7
70733,7
86608,7
30162,7
49342,7
35276,7
6055,7
37043,7
66302,7
60497,7
47682,7
67207,7
66334,7
39052,7
14047,7
15910,7
47641,7
47195,7
49103,7
47303,7
46495,7
59670,7
4681,7
1719,7
4858,7
73314,7
3662,7
10356,7
47457,7
93790,7
65166,7
81175,7
44131,7
31334,7
98489,7
16424,7
3401,7
43683,7
355,7
63583,7
38708,7
15416,7
42210,7
36810,7
65298,8
10169,8
35223,8
37565,8
82300,8
47695,8
7343,8
9447,8
75159,8
3397,8
73550,8
81523,8
73557,8
67568,8
40736,8
86858,8
85040,8
51275,8
96272,8
6280,8
62231,8
85191,8
50759,8
85436,8
31241,8
8163,8
7248,8
49852,8
4945,8
81243,8
96334,8
83764,8
92429,8
21434,8
20321,8
41063,8
87281,8
46351,8
40121,8
28701,8
75493,8
79592,8
56146,8
77690,8
97233,8
21524,8
75624,8
54115,8
56617,8
2424,8
75951,8
23249,8
23742,8
645,8
56353,8
56983,8
91424,8
22072,8
83628,9
7468,9
4790,9
72910,9
81731,9
44902,9
7018,9
65455,9
62406,9
27989,9
97015,9
12601,9
75451,9
60195,9
3170,9
46785,9
94034,9
38170,9
46201,9
46353,9
29548,9
29692,9
54013,9
92338,9
21003,9
68464,9
67615,9
46878,9
48462,9
96081,9
81335,9
16916,9
16766,9
36430,9
38912,9
39485,9
50393,9
65353,9
20016,9
92181,9
87877,9
27866,9
20491,9
41862,9
78384,9
89813,9
64564,9
12435,9
45626,9
45869,9
75546,9
57892,9
22750,9
89086,9
61754,9
66368,9
16137,9
63698,9
22003,9
11242,9
36521,9
82791,9
95054,9
36319,9
43475,9
97306,9
64126,9
7636,9
11988,9
11570,9
10878,9
10983,9
78365,9
56621,9
68666,10
21442,10
76132,10
21499,10
90591,10
90377,10
80772,10
43200,10
1729,10
94607,10
81456,10
74435,10
75458,10
72419,10
96014,10
73380,10
81489,10
51128,10
71586,10
28608,10
94603,11
11640,11
47601,11
28525,11
18719,11
10917,11
8109,11
82895,11
78350,11
84497,11
71132,12
82896,12
60364,12
83480,12
33584,12
33634,12
36748,12
20408,12
18561,12
53947,12
56510,12
97773,12
54049,12
12516,12
9051,12
